<edu.colostate.cs.cs414.ctrlaltdefeat.System.SystemDao>
  <managers>
    <edu.colostate.cs.cs414.ctrlaltdefeat.Domain.Users.Manager>
      <userInfo>
        <userName>user</userName>
        <password>password</password>
      </userInfo>
      <userType>MANAGER</userType>
    </edu.colostate.cs.cs414.ctrlaltdefeat.Domain.Users.Manager>
  </managers>
  <trainers>
    <edu.colostate.cs.cs414.ctrlaltdefeat.Domain.Users.Trainer>
      <userInfo>
        <userName>tester</userName>
        <password>password</password>
      </userInfo>
      <userType>TRAINER</userType>
      <personalInfo>
        <firstName>Trainer</firstName>
        <lastName>Tester</lastName>
        <email>sdfg</email>
        <phone>124325</phone>
        <healthInsuranceProvider>gasd</healthInsuranceProvider>
        <address>
          <street>34ljkertsgnl</street>
          <state>sdfgd</state>
          <city>sfdgdssd</city>
          <zipCode>sdfg</zipCode>
        </address>
      </personalInfo>
    </edu.colostate.cs.cs414.ctrlaltdefeat.Domain.Users.Trainer>
  </trainers>
  <customers>
    <edu.colostate.cs.cs414.ctrlaltdefeat.Domain.Users.Customer>
      <personalInfo>
        <firstName>Nancy</firstName>
        <lastName>Smith</lastName>
        <email>aegrjkl</email>
        <phone>fdjkbn</phone>
        <healthInsuranceProvider>dfb</healthInsuranceProvider>
        <address>
          <street>bdf</street>
          <state>dfb</state>
          <city>dfb</city>
          <zipCode>dfb</zipCode>
        </address>
      </personalInfo>
      <status>ACTIVE</status>
      <routines/>
    </edu.colostate.cs.cs414.ctrlaltdefeat.Domain.Users.Customer>
  </customers>
  <equipmentInventory>
    <edu.colostate.cs.cs414.ctrlaltdefeat.Domain.Entity.Equipment>
      <name>weights</name>
      <picture>test</picture>
      <quantity>4</quantity>
    </edu.colostate.cs.cs414.ctrlaltdefeat.Domain.Entity.Equipment>
  </equipmentInventory>
  <gymRoutines>
    <edu.colostate.cs.cs414.ctrlaltdefeat.Domain.Entity.WorkoutRoutine>
      <name>testR</name>
      <exercises/>
    </edu.colostate.cs.cs414.ctrlaltdefeat.Domain.Entity.WorkoutRoutine>
  </gymRoutines>
  <gymExercises>
    <edu.colostate.cs.cs414.ctrlaltdefeat.Domain.Entity.Exercise>
      <name>test2</name>
      <numOfSets>4</numOfSets>
      <numOfReps>3</numOfReps>
      <equipment reference="../../../equipmentInventory/edu.colostate.cs.cs414.ctrlaltdefeat.Domain.Entity.Equipment"/>
    </edu.colostate.cs.cs414.ctrlaltdefeat.Domain.Entity.Exercise>
    <edu.colostate.cs.cs414.ctrlaltdefeat.Domain.Entity.Exercise>
      <name>test</name>
      <numOfSets>3</numOfSets>
      <numOfReps>4</numOfReps>
      <equipment reference="../../../equipmentInventory/edu.colostate.cs.cs414.ctrlaltdefeat.Domain.Entity.Equipment"/>
    </edu.colostate.cs.cs414.ctrlaltdefeat.Domain.Entity.Exercise>
  </gymExercises>
  <fitnessClasses>
    <edu.colostate.cs.cs414.ctrlaltdefeat.Domain.Entity.FitnessClass>
      <instructor reference="../../../trainers/edu.colostate.cs.cs414.ctrlaltdefeat.Domain.Users.Trainer"/>
      <name>Test</name>
      <attendees/>
      <classSchedule>
        <workSchedule>
          <edu.colostate.cs.cs414.ctrlaltdefeat.Domain.Users.UserInfo.WorkTime>
            <startTime>11:00</startTime>
            <endTime>12:00</endTime>
            <dayOfWeek>TUESDAY</dayOfWeek>
          </edu.colostate.cs.cs414.ctrlaltdefeat.Domain.Users.UserInfo.WorkTime>
        </workSchedule>
      </classSchedule>
      <maxClassSize>4</maxClassSize>
    </edu.colostate.cs.cs414.ctrlaltdefeat.Domain.Entity.FitnessClass>
  </fitnessClasses>
</edu.colostate.cs.cs414.ctrlaltdefeat.System.SystemDao>